Technology,Capitalcost
KEEL00d_1,840
KEEL00d_2,840
KEEL00d_3,840
KEEL00d_4,840
KEEL00d_5,840
TRLV_1,4608.021948
TRLV_2,3007.219329
TRLV_3,3572.958376
TRLV_4,3702.358509
TRLV_5,5109.867698
TRHV_1,1535.334551
TRHV_2,1112.440863
TRHV_3,6535.40052
TRHV_4,6535.40052
